title,current_release_url,latest_update,usual_time,home_url,home_label,archive_url,archive_label,schedule_url,schedule_label,source_page
Selected Interest Rates,https://www.federalreserve.gov/releases/h15/update/,"Apr. 22, 2026",3:15 p.m.,https://www.federalreserve.gov/releases/,Home,https://www.federalreserve.gov/datadownload/,Archive,https://fred.stlouisfed.org/releases/calendar?rid=18&y=2026,Schedule,https://back.nber.org/releases/
Pending Home Sales,https://www.nar.realtor/research-and-statistics/housing-statistics/pending-home-sales,"Apr. 21, 2026",10:00 a.m.,https://www.realtor.org/topics/pending-home-sales,Home,https://www.realtor.org/topics/pending-home-sales,Archive,https://www.nar.realtor/newsroom/nar-statistical-news-release-schedule,Schedule,https://back.nber.org/releases/
Philadelphia Fed Nonmanufacturing Business Outlook Survey,https://www.philadelphiafed.org/research-and-data/regional-economy/nonmanufacturing-business-outlook-survey,"Apr. 21, 2026",8:30 a.m.,https://www.philadelphiafed.org/research-and-data/regional-economy/nonmanufacturing-business-outlook-survey,Home,https://www.philadelphiafed.org/research-and-data/regional-economy/nonmanufacturing-business-outlook-survey,Archive,https://www.philadelphiafed.org/calendar-of-events?release=nonmanufacturing-business-outlook-survey#Economic-Release-Calendar,Schedule,https://back.nber.org/releases/
Foreign Exchange Rates (H10),https://www.federalreserve.gov/releases/h10/,"Apr. 20, 2026",4 p.m.,https://www.federalreserve.gov/releases/h10/,Home,https://www.federalreserve.gov/releases/h10/Hist/,Archive,https://fred.stlouisfed.org/releases/calendar?rid=17&y=2026,Schedule,https://back.nber.org/releases/
Business Leaders Survey,https://www.newyorkfed.org/survey/business_leaders/bls_overview.html,"Apr. 16, 2026",8:30 a.m.,https://www.newyorkfed.org/survey/business_leaders/bls_overview.html,Home,https://www.newyorkfed.org/survey/business_leaders/bls_overview.html,Archive,https://www.newyorkfed.org/survey/business_leaders/bls_overview.html#tabs-2,Schedule,https://back.nber.org/releases/
Factors Affecting Reserve Balances (H41),https://www.federalreserve.gov/releases/h41/current/default.htm,"Apr. 16, 2026",4:30 p.m.,https://www.federalreserve.gov/releases/,Home,https://www.federalreserve.gov/releases/h41/,Archive,https://fred.stlouisfed.org/releases/calendar?rid=20&y=2026,Schedule,https://back.nber.org/releases/
Philadelphia Fed Manufacturing Business Outlook Survey,https://www.philadelphiafed.org/research-and-data/regional-economy/business-outlook-survey/,"Apr. 16, 2026",8:30 a.m.,https://www.philadelphiafed.org/research-and-data/regional-economy/business-outlook-survey,Home,https://www.philadelphiafed.org/research-and-data/regional-economy/business-outlook-survey,Archive,https://www.philadelphiafed.org/calendar-of-events?release=manufacturing-business-outlook-survey#Economic-Release-Calendar,Schedule,https://back.nber.org/releases/
Unemployment Insurance Weekly Claims Report (Initial Claims),https://www.dol.gov/ui/data.pdf,"Apr. 16, 2026",8:30 a.m.,https://ows.doleta.gov/,Home,https://ows.doleta.gov/unemploy/claims.asp,Archive,,Thursdays,https://back.nber.org/releases/
Empire State Manufacturing Survey,https://www.newyorkfed.org/survey/empire/empiresurvey_overview.html,"Apr. 15, 2026",8:30 a.m.,https://www.newyorkfed.org/survey/empire/empiresurvey_overview.html,Home,https://www.newyorkfed.org/survey/empire/empiresurvey_overview.html,Archive,https://www.newyorkfed.org/survey/empire/empiresurvey_overview.html#tabs-2,Schedule,https://back.nber.org/releases/
Treasury International Capital (TIC),https://www.treasury.gov/resource-center/data-chart-center/tic/Pages/index.aspx,"Apr. 15, 2026",4 p.m.,https://www.fiscal.treasury.gov/fsreports/rpt/mthTreasStmt/mthTreasStmt_home.htm,Home,https://www.treasury.gov/resource-center/data-chart-center/tic/Pages/index.aspx,Archive,https://www.treasury.gov/resource-center/data-chart-center/tic/Pages/release-dates.aspx,Schedule,https://back.nber.org/releases/
U.S. Import and Export Price Indexes,https://www.bls.gov/news.release/ximpim.toc.htm,"Apr. 15, 2026",8:30 a.m.,https://www.bls.gov/mxp/,Home,https://www.bls.gov/bls/news-release/ximpim.htm,Archive,https://www.bls.gov/schedule/news_release/ximpim.htm,Schedule,https://back.nber.org/releases/
NFIB Small Business Economic Trends,https://www.nfib.com/surveys/small-business-economic-trends/,"Apr. 14, 2026",10:00 a.m.,https://www.nfib.com/surveys/small-business-economic-trends/,Home,https://www.nfib.com/surveys/small-business-economic-trends/,Archive,https://www.nfib.com/surveys/small-business-economic-trends/,Schedule,https://back.nber.org/releases/
Producer Price Index (PPI),https://www.bls.gov/news.release/ppi.toc.htm,"Apr. 14, 2026",8:30 a.m.,https://www.bls.gov/ppi/home.htm,Home,https://www.bls.gov/bls/news-release/ppi.htm,Archive,https://www.bls.gov/schedule/news_release/ppi.htm,Schedule,https://back.nber.org/releases/
Existing Home Sales,https://www.nar.realtor/research-and-statistics/housing-statistics/existing-home-sales,"Apr. 13, 2026",10:00 a.m.,https://www.realtor.org/topics/existing-home-sales,Home,https://www.realtor.org/topics/existing-home-sales,Archive,https://www.nar.realtor/newsroom/nar-statistical-news-release-schedule,Schedule,https://back.nber.org/releases/
Consumer Price Index (CPI),https://www.bls.gov/news.release/cpi.toc.htm,"Apr. 10, 2026",8:30 a.m.,https://www.bls.gov/cpi/,Home,https://www.bls.gov/cpi/,Archive,https://www.bls.gov/schedule/2026/home.htm,Schedule,https://back.nber.org/releases/
"Monthly Treasury Statement (The Monthly ""Budget"")",https://fiscaldata.treasury.gov/datasets/monthly-treasury-statement/summary-of-receipts-outlays-and-the-deficit-surplus-of-the-u-s-government,"Apr. 10, 2026",2 p.m.,https://fiscaldata.treasury.gov/datasets/monthly-treasury-statement/summary-of-receipts-outlays-and-the-deficit-surplus-of-the-u-s-government,Home,https://fiscaldata.treasury.gov/datasets/monthly-treasury-statement/summary-of-receipts-outlays-and-the-deficit-surplus-of-the-u-s-government,Archive,https://fred.stlouisfed.org/releases/calendar?rid=363&y=2026,Schedule,https://back.nber.org/releases/
Real Earnings,https://www.bls.gov/news.release/realer.nr0.htm,"Apr. 10, 2026",8:30 a.m.,https://www.bls.gov/ces/,Home,https://www.bls.gov/news.release/realer.nr0.htm,Archive,https://www.bls.gov/schedule/news_release/realer.htm,Schedule,https://back.nber.org/releases/
Monthly Wholesale Trade: Sales and Inventories (MTIS),https://www.census.gov/wholesale/index.html,"Apr. 9, 2026",10:00 a.m.,https://www.census.gov/wholesale/index.html,Home,https://www.census.gov/wholesale/index.html,Archive,https://www.census.gov/wholesale/release_schedule.html,Schedule,https://back.nber.org/releases/
ISM Non-Manufacturing Report (Formerly NMI) - Services PMI,https://www.ismworld.org/supply-management-news-and-reports/reports/ism-report-on-business/,"Apr. 7, 2026",9:45 a.m.,https://www.ismworld.org/supply-management-news-and-reports/reports/ism-report-on-business/,Home,https://www.markiteconomics.com/Public/Release/PressReleases?language=en,Archive,https://www.markiteconomics.com/Public/Home/PDF/UK_Rel_Dates,Schedule,https://back.nber.org/releases/
"Employment Situation (Includes Nonfarm Payrolls, Unemployment Rate, Average Workweek, and Hourly Earnings)",https://www.bls.gov/news.release/empsit.toc.htm,"Apr. 3, 2026",8:30 a.m.,https://www.bls.gov/ces/home.htm,Home,https://www.bls.gov/news.release/empsit.toc.htm,Archive,https://www.bls.gov/schedule/2026/home.htm,Schedule,https://back.nber.org/releases/
ADP Employment,https://www.adpemploymentreport.com/,"Apr. 1, 2026",8:15 a.m.,https://www.adpemploymentreport.com/,Home,https://www.adpemploymentreport.com,Archive,https://adpemploymentreport.com/,Schedule,https://back.nber.org/releases/
ISM Manufacturing Report (formerly PMI),https://www.ismworld.org/supply-management-news-and-reports/reports/ism-report-on-business/,"Apr. 1, 2026",9:45 a.m.,https://www.ismworld.org/supply-management-news-and-reports/reports/ism-report-on-business/,Home,,,https://www.pmi.spglobal.com/Public/Home/PDF/UK_Rel_Dates,Schedule,https://back.nber.org/releases/
Chicago Business Barometer / Purchasing Managers' Index (PMI),https://chicago.ismworld.org/news-publications/reports/research-survey/,"Mar. 31, 2026",9:45 a.m.,https://chicago.ismworld.org/,Home,https://chicago.ismworld.org/,Archive,,,https://back.nber.org/releases/
Consumer Confidence Index (Conference Board),https://www.conference-board.org/data/consumerconfidence.cfm,"Mar. 31, 2026",10:00 a.m.,https://www.conference-board.org/data/consumerconfidence.cfm,Home,https://www.conference-board.org/data/consumerconfidence.cfm,Archive,https://www.conference-board.org/data/,Schedule,https://back.nber.org/releases/
Federal Housing Fice Agency House Price Index (Monthly) FHFA HPI,https://www.fhfa.gov/DataTools/Downloads/Pages/House-Price-Index.aspx,"Mar. 31, 2026",9 a.m.,https://www.fhfa.gov/DataTools/Downloads/Pages/House-Price-Index.aspx,Home,https://www.fhfa.gov/DataTools/Downloads/Pages/House-Price-Index.aspx,Archive,https://www.fhfa.gov/DataTools/Downloads/Pages/House-Price-Index.aspx,Schedule,https://back.nber.org/releases/
Texas Service Sector Outlook Survey / Dallas Fed Services,https://www.dallasfed.org/research/surveys/tssos.aspx,"Mar. 31, 2026",10:30 a.m.,https://www.dallasfed.org/research/surveys/tssos.aspx,Home,https://www.dallasfed.org/research/surveys/tssos/data.aspx,Archive,https://www.dallasfed.org/research/surveys/tssos#tab-release26,Schedule,https://back.nber.org/releases/
Texas Manufacturing Outlook Survey / Dallas Fed Survey,https://www.dallasfed.org/research/surveys/tmos.aspx,"Mar. 30, 2026",10:30 a.m.,https://www.dallasfed.org/research/surveys/tmos.aspx,Home,https://www.dallasfed.org/research/surveys/tmos.aspx,Archive,https://www.dallasfed.org/research/surveys/tmos#tab-release26,Schedule,https://back.nber.org/releases/
Gross Domestic Product (GDP),https://www.bea.gov/data/gdp/gross-domestic-product,"Mar. 27, 2026",8:30 a.m.,https://www.bea.gov/national/,Home,https://www.bea.gov/newsreleases/national/gdp/gdpnewsrelease.htm,Archive,https://www.bea.gov/news/schedule,Schedule,https://back.nber.org/releases/
Gross Domestic Product (GDP) by State,https://www.bea.gov/newsreleases/regional/gdp_state/gsp_newsrelease.htm,"Mar. 27, 2026",10:00 a.m.,https://www.bea.gov/regional/,Home,https://www.bea.gov/newsreleases/regional/gdp_state/gsp_newsrelease.htm,Archive,https://www.bea.gov/news/schedule,Schedule,https://back.nber.org/releases/
Gross Domestic Product by Industry,https://www.bea.gov/newsreleases/industry/gdpindustry/gdpindnewsrelease.htm,"Mar. 27, 2026",8:30 a.m.,https://www.bea.gov/industry/,Home,https://www.bea.gov/newsreleases/industry/gdpindustry/gdpindnewsrelease.htm,Archive,https://www.bea.gov/news/schedule,Schedule,https://back.nber.org/releases/
Personal Income and Outlays,https://www.bea.gov/data/income-saving/personal-income,"Mar. 27, 2026",8:30 a.m.,https://www.bea.gov/national/index.htm,Home,https://www.bea.gov/newsreleases/national/pi/pinewsrelease.htm,Archive,https://www.bea.gov/news/schedule,Schedule,https://back.nber.org/releases/
Personal Income by State (Quarterly),https://www.bea.gov/data/income-saving/personal-income-by-state,"Mar. 27, 2026",8:30 a.m.,https://www.bea.gov/regional/,Home,https://www.bea.gov/newsreleases/regional/spi/sqpi_newsrelease.htm,Archive,https://www.bea.gov/news/schedule,Schedule,https://back.nber.org/releases/
Kansas City Fed Manufacturing Survey,https://www.kansascityfed.org/research/indicatorsdata/mfg/index.cfm,"Mar. 26, 2026",11 a.m.,https://www.kansascityfed.org/research/indicatorsdata/mfg/index.cfm,Home,https://www.kansascityfed.org/research/indicatorsdata/mfg/index.cfm,Archive,https://www.kansascityfed.org/surveys/manufacturing-survey/manufacturing-survey-release-dates/,Schedule,https://back.nber.org/releases/
U.S. International Transactions (Current Account) (Balance of Payments),https://www.bea.gov/data/intl-trade-investment/international-transactions,"Mar. 25, 2026",8:30 a.m.,https://www.bea.gov/international/,Home,https://www.bea.gov/newsreleases/international/transactions/transnewsrelease.htm,Archive,https://www.bea.gov/news/schedule,Schedule,https://back.nber.org/releases/
Flash Manufacturing PMI,https://www.pmi.spglobal.com/public/release/pressreleases,"Mar. 24, 2026",3:45 p.m.,https://www.pmi.spglobal.com/Public/Release/PressReleases?language=en,Home,https://www.pmi.spglobal.com/Public/Release/PressReleases?language=en,Archive,https://www.pmi.spglobal.com/Public/Home/PDF/UK_Rel_Dates,Schedule,https://back.nber.org/releases/
Flash Services PMI,https://www.pmi.spglobal.com/Public/Release/PressReleases,"Mar. 24, 2026",3:45 p.m.,https://www.markiteconomics.com/Public/Release/PressReleases?language=en,Home,https://www.markiteconomics.com/Public/Release/PressReleases?language=en,Archive,https://www.pmi.spglobal.com/Public/Home/PDF/UK_Rel_Dates,Schedule,https://back.nber.org/releases/
Money Stock Measures (H6),https://www.federalreserve.gov/releases/h6/,"Mar. 24, 2026",1:00 p.m.,https://www.federalreserve.gov/releases/,Home,https://www.federalreserve.gov/releases/h6/hist/,Archive,https://fred.stlouisfed.org/releases/calendar?rid=21&y=2026,Schedule,https://back.nber.org/releases/
Richmond Fed Manufacturing Survey,https://www.richmondfed.org/research/regional_economy/surveys_of_business_conditions/manufacturing/index.cfm,"Mar. 24, 2026",10:00 a.m.,https://www.richmondfed.org/,Home,https://www.richmondfed.org/research/regional_economy/surveys_of_business_conditions/manufacturing/archive/,Archive,https://www.richmondfed.org/research/regional_economy/surveys_of_business_conditions/manufacturing/release_schedule,Schedule,https://back.nber.org/releases/
Richmond Fed Survey of Services and Retail Activity,https://www.richmondfed.org/research/regional_economy/surveys_of_business_conditions/service_sector/,"Mar. 24, 2026",10:00 a.m.,https://www.richmondfed.org/,Home,https://www.richmondfed.org/research/regional_economy/surveys_of_business_conditions/service_sector/archive/,Archive,https://www.richmondfed.org/research/regional_economy/surveys_of_business_conditions/service_sector/release_schedule,Schedule,https://back.nber.org/releases/
Chicago Fed National Activity Index (CFNAI),https://www.chicagofed.org/webpages/publications/cfnai/index.cfm,"Mar. 23, 2026",8:30 a.m.,https://www.chicagofed.org/webpages/publications/cfnai/index.cfm,Home,https://www.chicagofed.org/webpages/publications/cfnai/index.cfm,Archive,https://fred.stlouisfed.org/releases/calendar?rid=219&y=2026,Schedule,https://back.nber.org/releases/
"Manufacturing, Mining, and Wholesale Trade (Quarterly) -- QFR",https://www.census.gov/econ/qfr/,"Mar. 23, 2026",10:00 a.m.,https://www.census.gov/econ/qfr/,Home,https://www.census.gov/econ/qfr/,Archive,https://www.census.gov/econ/qfr/release_schedule.html,Schedule,https://back.nber.org/releases/
County Employment and Wages Quarterly (QCEW),https://www.bls.gov/news.release/cewqtr.toc.htm,"Mar. 10, 2026",10:00 a.m.,https://www.bls.gov/cew/home.htm,Home,https://www.bls.gov/cew/home.htm,Archive,https://www.bls.gov/schedule/2026/home.htm,Schedule,https://back.nber.org/releases/
Productivity and Costs (Quarterly),https://www.bls.gov/news.release/prod2.toc.htm,"Mar. 5, 2026",8:30 a.m.,https://www.bls.gov/lpc/,Home,https://www.bls.gov/bls/news-release/prod.htm,Archive,https://www.bls.gov/schedule/news_release/prod2.htm,Schedule,https://back.nber.org/releases/
Business Employment Dynamics Quarterly,https://www.bls.gov/news.release/cewbd.toc.htm,"Feb. 26, 2026",10:00 a.m.,https://www.bls.gov/cew/home.htm,Home,https://www.bls.gov/cew/home.htm,Archive,https://www.bls.gov/schedule/news_release/cewbd.htm,Schedule,https://back.nber.org/releases/
Federal Housing Fice Agency House Price Index (Quarterly) FHFA HPI,https://www.fhfa.gov/DataTools/Downloads/Pages/House-Price-Index.aspx,"Feb. 24, 2026",9 a.m.,https://www.fhfa.gov/DataTools/Downloads/Pages/House-Price-Index.aspx,Home,https://www.fhfa.gov/DataTools/Downloads/Pages/House-Price-Index.aspx,Archive,https://www.fhfa.gov/DataTools/Downloads/Pages/House-Price-Index.aspx,Schedule,https://back.nber.org/releases/
Personal Consumption Expenditures by State,https://www.bea.gov/data/consumer-spending/state,"Feb. 19, 2026",8:30 a.m.,https://www.bea.gov/regional/index.htm,Home,https://www.bea.gov/newsreleases/regional/pce/pce_newsrelease.htm,Archive,https://www.bea.gov/news/schedule,Schedule,https://back.nber.org/releases/
Real Personal Income for States and Metropolitan Areas,https://www.bea.gov/data/income-saving/real-personal-income-states-and-metropolitan-areas,"Feb. 19, 2026",8:30 a.m.,https://www.bea.gov/regional/index.htm,Home,https://www.bea.gov/regional/index.htm,Archive,https://www.bea.gov/news/schedule,Schedule,https://back.nber.org/releases/
Philadelphia Fed Survey of Professional Forecasters,https://www.philadelphiafed.org/research-and-data/real-time-center/survey-of-professional-forecasters,"Feb. 13, 2026",10:00 a.m.,https://www.philadelphiafed.org/research-and-data/real-time-center/survey-of-professional-forecasters,Home,https://www.philadelphiafed.org/research-and-data/real-time-center/survey-of-professional-forecasters,Archive,https://www.philadelphiafed.org/calendar-of-events?release=survey-of-professional-forecasters#Economic-Release-Calendar,Schedule,https://back.nber.org/releases/
Employment Cost Index (Quarterly),https://www.bls.gov/news.release/eci.toc.htm,"Feb. 10, 2026",8:30 a.m.,https://www.bls.gov/ncs/home.htm,Home,https://www.bls.gov/ncs/ect/sp/ecbl0014.pdf,Archive,https://www.bls.gov/schedule/2026/home.htm,Schedule,https://back.nber.org/releases/
Gross Domestic Product by County and Metropolitan Area,https://www.bea.gov/newsreleases/regional/gdp_metro/gdp_metro_newsrelease.htm,"Feb. 5, 2026",8:30 a.m.,https://www.bea.gov/regional/,Home,https://www.bea.gov/regional/gdpmetro/,Archive,https://www.bea.gov/news/schedule,Schedule,https://back.nber.org/releases/
Local Area Personal Income (Personal Income by County and Metropolitan Area),https://www.bea.gov/newsreleases/regional/lapi/lapi_newsrelease.htm,"Feb. 5, 2026",8:30 a.m.,https://www.bea.gov/regional/index.htm,Home,https://www.bea.gov/newsreleases/regional/lapi/lapi_newsrelease.htm,Archive,https://www.bea.gov/news/schedule,Schedule,https://back.nber.org/releases/
Senior Loan Officer Opinion Survey,https://www.federalreserve.gov/data/sloos/sloos.htm,"Feb. 2, 2026",2:00 p.m.,https://www.federalreserve.gov/data/sloos/sloos.htm,Home,https://www.federalreserve.gov/data/sloos/sloos.htm,Archive,https://www.federalreserve.gov/data/sloos/sloos.htm,Schedule,https://back.nber.org/releases/
"Manufacturers' Shipments, Inventories, and Orders (Factory Orders, M3)",https://www.census.gov/manufacturing/m3/,"Jan. 29, 2026",10:00 a.m.,https://www.census.gov/manufacturing/m3/,Home,https://www.census.gov/manufacturing/m3/,Archive,https://www.census.gov/manufacturing/m3/release_schedule.html,Schedule,https://back.nber.org/releases/
Manufacturing and Trade: Inventories and Sales (Business Inventories),https://www.census.gov/mtis/index.html,"Jan. 29, 2026",10:00 a.m.,https://www.census.gov/mtis/index.html,Home,https://www.census.gov/mtis/index.html,Archive,https://www.census.gov/mtis/release_schedule.html,Schedule,https://back.nber.org/releases/
U.S. International Trade in Goods and Services,https://www.bea.gov/newsreleases/international/trade/tradnewsrelease.htm,"Jan. 29, 2026",8:30 a.m.,https://www.census.gov/foreign-trade/www/index.html,Home,https://www.census.gov/foreign-trade/statistics/press-release/index.html,Archive,https://www.census.gov/foreign-trade/schedule.html,Schedule,https://back.nber.org/releases/
Regional and State Employment and Unemployment (Monthly),https://www.bls.gov/news.release/laus.toc.htm,"Jan. 27, 2026",10:00 a.m.,https://www.bls.gov/sae/home.htm,Home,https://www.bls.gov/bls/news-release/home.htm,Archive,https://www.bls.gov/schedule/news_release/laus.htm,Schedule,https://back.nber.org/releases/
Work Experience of the Population,https://www.bls.gov/news.release/work.toc.htm,"Jan. 22, 2026",10:00 a.m.,https://www.bls.gov/cps/,Home,https://www.bls.gov/cps/,Archive,https://www.bls.gov/schedule/2026/home.htm,Schedule,https://back.nber.org/releases/
Metropolitan Area Employment and Unemployment,https://www.bls.gov/news.release/metro.toc.htm,"Jan. 16, 2026",10:00 a.m.,https://www.bls.gov/sae/home.htm,Home,https://www.bls.gov/bls/news-release/metro.htm,Archive,https://www.bls.gov/schedule/news_release/metro.htm,Schedule,https://back.nber.org/releases/
U.S. International Investment Position,https://www.bea.gov/newsreleases/international/transactions/transnewsrelease.htm,"Jan. 16, 2026",10:00 a.m.,https://www.bea.gov/international/,Home,https://www.bea.gov/newsreleases/international/transactions/transnewsrelease.htm,Archive,https://www.bea.gov/news/schedule,Schedule,https://back.nber.org/releases/
Advance Monthly Retail Trade Report (MARTS) -- Retail Sales,https://www.census.gov/retail/index.html,"Jan. 14, 2026",8:30 a.m.,https://www.census.gov/retail/index.html,Home,https://www.census.gov/retail/index.html,Archive,https://www.census.gov/retail/release_schedule.html,Schedule,https://back.nber.org/releases/
New Residential Sales (New Home Sales),https://www.census.gov/construction/nrs/index.html,"Jan. 13, 2026",10:00 a.m.,https://www.census.gov/construction/nrs/index.html,Home,https://www.census.gov/construction/nrs/index.html,Archive,https://www.census.gov/construction/nrs/schedule.html,Schedule,https://back.nber.org/releases/
New Residential Construction (Housing Starts),https://www.census.gov/construction/nrc/index.html,"Jan. 9, 2026",8:30 a.m.,https://www.census.gov/construction/nrc/index.html,Home,https://www.census.gov/construction/nrc/index.html,Archive,https://www.census.gov/construction/soc/schedule.html,Schedule,https://back.nber.org/releases/
Job Openings and Labor Turnover Survey (JOLTS),https://www.bls.gov/jlt/,"Jan. 7, 2026",10:00 a.m.,https://www.bls.gov/jlt/,Home,https://www.bls.gov/jlt/,Archive,https://www.bls.gov/schedule/news_release/jolts.htm,Schedule,https://back.nber.org/releases/
Advance Economic Indicators,https://www.census.gov/econ/indicators/index.html,"Dec. 29, 2025",8:30 a.m.,https://www.census.gov/econ/indicators/index.html,Home,https://www.census.gov/econ/indicators/index.html,Archive,https://www.census.gov/econ/indicators/release_schedule.html,Schedule,https://back.nber.org/releases/
Advance Durable Goods Manufacturers,https://www.census.gov/manufacturing/m3/index.html,"Dec. 24, 2025",10:00 a.m.,https://www.census.gov/manufacturing/m3/index.html,Home,https://www.census.gov/manufacturing/m3/index.html,Archive,https://www.census.gov/manufacturing/m3/release_schedule.html,Schedule,https://back.nber.org/releases/
Philadelphia Fed Livingston Survey,https://www.philadelphiafed.org/research-and-data/real-time-center/livingston-survey,"Dec. 19, 2025",10:00 a.m.,https://www.philadelphiafed.org/research-and-data/real-time-center/livingston-survey,Home,https://www.philadelphiafed.org/research-and-data/real-time-center/livingston-survey,Archive,https://www.philadelphiafed.org/calendar-of-events?release=livingston-survey#Economic-Release-Calendar,Schedule,https://back.nber.org/releases/
Total Factor Productivity Trends in Manufacturing,https://www.bls.gov/news.release/prod5.toc.htm,"Dec. 19, 2025",10:00 a.m.,https://www.bls.gov/productivity/home.htm,Home,https://www.bls.gov/bls/news-release/home.htm,Archive,https://www.bls.gov/productivity/schedule-releases.htm,Schedule,https://back.nber.org/releases/
Employer Costs for Employee Compensation,https://www.bls.gov/news.release/ecec.toc.htm,"Dec. 12, 2025",10:00 a.m.,https://www.bls.gov/ncs/ect/,Home,https://www.bls.gov/ncs/ect/,Archive,https://www.bls.gov/schedule/news_release/ecec.htm,Schedule,https://back.nber.org/releases/
Construction Spending / Construction Put in Place,https://www.census.gov/construction/c30/c30index.html,"Dec. 1, 2025",10:00 a.m.,https://www.census.gov/construction/c30/c30index.html,Home,https://www.census.gov/construction/c30/c30index.html,Archive,https://www.census.gov/construction/c30/release.html,Schedule,https://back.nber.org/releases/
Activities of Affiliates of U.S. Multinational Enterprises,https://www.bea.gov/international/di1fdiop.htm,"Nov. 21, 2025",8:30 a.m.,https://www.bea.gov/international/,Home,https://www.bea.gov/international/di1fdiop.htm,Archive,https://www.bea.gov/data/intl-trade-investment/activities-us-multinational-enterprises-mnes,Schedule,https://back.nber.org/releases/
Usual Weekly Earnings of Wage and Salary Workers,https://www.bls.gov/news.release/wkyeng.toc.htm,"Oct. 21, 2025",10:00 a.m.,https://www.bls.gov/cps/,Home,https://www.bls.gov/cps/,Archive,https://www.bls.gov/schedule/2026/home.htm,Schedule,https://back.nber.org/releases/
Employee Benefits in the United States,https://www.bls.gov/news.release/ebs2.toc.htm,"Sep. 25, 2025",10:00 a.m.,https://www.bls.gov/ncs/ebs/,Home,https://www.bls.gov/ncs/ebs/,Archive,https://www.bls.gov/schedule/2026/home.htm,Schedule,https://back.nber.org/releases/
Occupational Outlook Handbook,https://www.bls.gov/ooh/,"Aug. 28, 2025",10:00 a.m.,https://www.bls.gov/ooh/,Home,https://www.bls.gov/ooh/,Archive,https://www.bls.gov/schedule/2026/home.htm,Schedule,https://back.nber.org/releases/
Total Factor Productivity Trends for Detailed Industries,https://www.bls.gov/news.release/prin3.toc.htm,"Aug. 28, 2025",8:30 a.m.,https://www.bls.gov/productivity/home.htm,Home,https://www.bls.gov/bls/news-release/home.htm,Archive,https://www.bls.gov/productivity/schedule-releases.htm,Schedule,https://back.nber.org/releases/
Summer Youth Labor Force,https://www.bls.gov/news.release/youth.toc.htm,"Aug. 21, 2025",10:00 a.m.,https://www.bls.gov/cps/,Home,https://www.bls.gov/cps/,Archive,https://www.bls.gov/schedule/2026/home.htm,Schedule,https://back.nber.org/releases/
American Time Use Survey,https://www.bls.gov/news.release/atus.toc.htm,"Jun. 26, 2025",10:00 a.m.,https://www.bls.gov/tus/home.htm,Home,https://www.bls.gov/tus/home.htm,Archive,https://www.bls.gov/schedule/2026/home.htm,Schedule,https://back.nber.org/releases/
Productivity and Costs by Industry: Selected Service-Providing Industries,https://www.bls.gov/news.release/prin2.toc.htm,"Jun. 26, 2025",8:30 a.m.,https://www.bls.gov/lpc/,Home,https://www.bls.gov/bls/news-release/prin.htm,Archive,https://www.bls.gov/productivity/schedule-releases.htm,Schedule,https://back.nber.org/releases/
Productivity and Costs by Industry: Wholesale and Retail Trade Industries,https://www.bls.gov/news.release/prin1.toc.htm,"May 29, 2025",8:30 a.m.,https://www.bls.gov/lpc/,Home,https://www.bls.gov/bls/news-release/prin.htm,Archive,https://www.bls.gov/productivity/schedule-releases.htm,Schedule,https://back.nber.org/releases/
State Productivity,https://www.bls.gov/lpc/state-productivity.htm,"May 29, 2025",8:30 a.m.,https://www.bls.gov/lpc/,Home,https://www.bls.gov/bls/news-release/prod.htm,Archive,https://www.bls.gov/productivity/schedule-releases.htm,Schedule,https://back.nber.org/releases/
Labor Force Characteristics of Foreign-born Workers,https://www.bls.gov/news.release/forbrn.toc.htm,"May 20, 2025",10:00 a.m.,https://www.bls.gov/cps/,Home,https://www.bls.gov/cps/,Archive,https://www.bls.gov/schedule/2026/home.htm,Schedule,https://back.nber.org/releases/
Productivity and Costs by Industry: Manufacturing and Mining Industries,https://www.bls.gov/news.release/prin.toc.htm,"Apr. 24, 2025",8:30 a.m.,https://www.bls.gov/lpc/,Home,https://www.bls.gov/bls/news-release/prin.htm,Archive,https://www.bls.gov/productivity/schedule-releases.htm,Schedule,https://back.nber.org/releases/
Employment Characteristics of Families,https://www.bls.gov/news.release/famee.toc.htm,"Apr. 23, 2025",10:00 a.m.,https://www.bls.gov/cps/,Home,https://www.bls.gov/bls/news-release/home.htm#FAMEE,Archive,https://www.bls.gov/schedule/2026/home.htm,Schedule,https://back.nber.org/releases/
College Enrollment and Work Activity of High School Graduates,https://www.bls.gov/news.release/hsgec.toc.htm,"Apr. 22, 2025",10:00 a.m.,https://www.bls.gov/cps/cps_over.htm,Home,https://www.bls.gov/bls/news-release/home.htm#HSGEC,Archive,https://www.bls.gov/schedule/2026/home.htm,Schedule,https://back.nber.org/releases/
Occupational Employment and Wages,https://www.bls.gov/news.release/ocwage.toc.htm,"Apr. 2, 2025",10:00 a.m.,https://www.bls.gov/oes/,Home,https://www.bls.gov/oes/,Archive,https://www.bls.gov/schedule/2026/home.htm,Schedule,https://back.nber.org/releases/
Total Factor Productivity Trends,https://www.bls.gov/news.release/prod3.toc.htm,"Mar. 21, 2025",10:00 a.m.,https://www.bls.gov/productivity/home.htm,Home,https://www.bls.gov/bls/news-release/home.htm,Archive,https://www.bls.gov/productivity/schedule-releases.htm,Schedule,https://back.nber.org/releases/
Employment Situation of Veterans,https://www.bls.gov/news.release/vet.toc.htm,"Mar. 20, 2025",10:00 a.m.,https://www.bls.gov/cps/,Home,https://www.bls.gov/cps/,Archive,https://www.bls.gov/schedule/2026/home.htm,Schedule,https://back.nber.org/releases/
Persons With a Disability: Labor Force Characteristics,https://www.bls.gov/news.release/disabl.toc.htm,"Feb. 25, 2025",10:00 a.m.,https://www.bls.gov/cps/,Home,https://www.bls.gov/cps/,Archive,https://www.bls.gov/schedule/2026/home.htm,Schedule,https://back.nber.org/releases/
Major Work Stoppages (Annual),https://www.bls.gov/news.release/wkstp.toc.htm,"Feb. 20, 2025",10:00 a.m.,https://www.bls.gov/cba/,Home,https://www.bls.gov/cba/,Archive,https://www.bls.gov/schedule/2026/home.htm,Schedule,https://back.nber.org/releases/
Union Members,https://www.bls.gov/news.release/union2.toc.htm,"Jan. 28, 2025",10:00 a.m.,https://www.bls.gov/cps/,Home,https://www.bls.gov/cps/,Archive,https://www.bls.gov/schedule/2026/home.htm,Schedule,https://back.nber.org/releases/
Productivity Dispersion,https://www.bls.gov/productivity/articles-and-research/dispersion-statistics-on-productivity/,"Sep. 12, 2024",8:30 a.m.,https://www.bls.gov/productivity/home.htm,Home,https://www.bls.gov/bls/news-release/prod.htm,Archive,https://www.bls.gov/productivity/schedule-releases.htm,Schedule,https://back.nber.org/releases/
State Economies at a Glance (Number of Jobs in Select Industries in States and Metropolitan Areas),https://www.bls.gov/eag/,,8:30 a.m.,https://www.bls.gov/eag/,Home,https://www.bls.gov/eag/,Archive,https://www.bls.gov/eag/abouteag.htm,Schedule,https://back.nber.org/releases/
